Name,href
Precious Achiuwa,/players/a/achiupr01.html
Steven Adams,/players/a/adamsst01.html
Bam Adebayo,/players/a/adebaba01.html
Ochai Agbaji,/players/a/agbajoc01.html
Santi Aldama,/players/a/aldamsa01.html
Ty-Shon Alexander,/players/a/alexaty01.html
Nickeil Alexander-Walker,/players/a/alexani01.html
Rawle Alkins,/players/a/alkinra01.html
Grayson Allen,/players/a/allengr01.html
Jarrett Allen,/players/a/allenja01.html
Jose Alvarado,/players/a/alvarjo01.html
Justin Anderson,/players/a/anderju01.html
Kyle Anderson,/players/a/anderky01.html
Giannis Antetokounmpo,/players/a/antetgi01.html
Kostas Antetokounmpo,/players/a/antetko01.html
Thanasis Antetokounmpo,/players/a/antetth01.html
Carmelo Anthony,/players/a/anthoca01.html
Cole Anthony,/players/a/anthoco01.html
OG Anunoby,/players/a/anunoog01.html
Ryan Arcidiacono,/players/a/arcidry01.html
Trevor Ariza,/players/a/arizatr01.html
Deni Avdija,/players/a/avdijde01.html
Joel Ayayi,/players/a/ayayijo01.html
Deandre Ayton,/players/a/aytonde01.html
Udoka Azubuike,/players/a/azubuud01.html
Marvin Bagley III,/players/b/baglema01.html
Patrick Baldwin Jr.,/players/b/baldwpa01.html
LaMelo Ball,/players/b/ballla01.html
Lonzo Ball,/players/b/balllo01.html
Mo Bamba,/players/b/bambamo01.html
Paolo Banchero,/players/b/banchpa01.html
Desmond Bane,/players/b/banede01.html
Dalano Banton,/players/b/bantoda01.html
Cat Barber,/players/b/barbeca01.html
Dominick Barlow,/players/b/barlodo01.html
Harrison Barnes,/players/b/barneha02.html
Scottie Barnes,/players/b/barnesc01.html
RJ Barrett,/players/b/barrerj01.html
Will Barton,/players/b/bartowi01.html
Paris Bass,/players/b/basspa01.html
Charles Bassey,/players/b/bassech01.html
Keita Bates-Diop,/players/b/bateske01.html
Nicolas Batum,/players/b/batumni01.html
Kent Bazemore,/players/b/bazemke01.html
Darius Bazley,/players/b/bazleda01.html
Bradley Beal,/players/b/bealbr01.html
Malik Beasley,/players/b/beaslma01.html
MarJon Beauchamp,/players/b/beaucma01.html
Jordan Bell,/players/b/belljo01.html
DeAndre' Bembry,/players/b/bembrde01.html
Dāvis Bertāns,/players/b/bertada01.html
Patrick Beverley,/players/b/beverpa01.html
Saddiq Bey,/players/b/beysa01.html
Tyler Bey,/players/b/beyty01.html
Khem Birch,/players/b/birchkh01.html
Goga Bitadze,/players/b/bitadgo01.html
Bismack Biyombo,/players/b/biyombi01.html
Buddy Boeheim,/players/b/boehebu01.html
Bogdan Bogdanović,/players/b/bogdabo01.html
Bojan Bogdanović,/players/b/bogdabo02.html
Bol Bol,/players/b/bolbo01.html
Marques Bolden,/players/b/boldema01.html
Leandro Bolmaro,/players/b/bolmale01.html
Jordan Bone,/players/b/bonejo01.html
Devin Booker,/players/b/bookede01.html
Brandon Boston Jr.,/players/b/bostobr01.html
Chris Boucher,/players/b/bouchch01.html
James Bouknight,/players/b/bouknja01.html
Jamaree Bouyea,/players/b/bouyeja01.html
Ky Bowman,/players/b/bowmaky01.html
Tony Bradley,/players/b/bradlto01.html
Malaki Branham,/players/b/branhma01.html
Jarrell Brantley,/players/b/brantja01.html
Christian Braun,/players/b/braunch01.html
Ignas Brazdeikis,/players/b/brazdig01.html
Mikal Bridges,/players/b/bridgmi01.html
Miles Bridges,/players/b/bridgmi02.html
Oshae Brissett,/players/b/brissos01.html
Malcolm Brogdon,/players/b/brogdma01.html
Armoni Brooks,/players/b/brookar01.html
Dillon Brooks,/players/b/brookdi01.html
Bruce Brown,/players/b/brownbr01.html
Charlie Brown Jr.,/players/b/brownch02.html
Chaundee Brown Jr.,/players/b/brownch05.html
Greg Brown III,/players/b/browngr01.html
Jaylen Brown,/players/b/brownja02.html
Kendall Brown,/players/b/brownke03.html
Moses Brown,/players/b/brownmo01.html
Sterling Brown,/players/b/brownst02.html
Troy Brown Jr.,/players/b/browntr01.html
Jalen Brunson,/players/b/brunsja01.html
Thomas Bryant,/players/b/bryanth01.html
Shaq Buchanan,/players/b/buchash01.html
Reggie Bullock,/players/b/bullore01.html
Trey Burke,/players/b/burketr01.html
Alec Burks,/players/b/burksal01.html
Deonte Burton,/players/b/burtode02.html
Jared Butler,/players/b/butleja02.html
Jimmy Butler,/players/b/butleji01.html
John Butler,/players/b/butlejo01.html
Bruno Caboclo,/players/c/cabocbr01.html
Devontae Cacok,/players/c/cacokde01.html
Jamal Cain,/players/c/cainja01.html
Kentavious Caldwell-Pope,/players/c/caldwke01.html
Facundo Campazzo,/players/c/campafa01.html
Vlatko Čančar,/players/c/cancavl01.html
Devin Cannady,/players/c/cannade01.html
Clint Capela,/players/c/capelca01.html
Vernon Carey Jr.,/players/c/careyve01.html
Jevon Carter,/players/c/carteje01.html
Wendell Carter Jr.,/players/c/cartewe01.html
Michael Carter-Williams,/players/c/cartemi01.html
Alex Caruso,/players/c/carusal01.html
Willie Cauley-Stein,/players/c/caulewi01.html
Ahmad Caver,/players/c/caverah01.html
Julian Champagnie,/players/c/champju02.html
Justin Champagnie,/players/c/champju01.html
Kennedy Chandler,/players/c/chandke01.html
Zylan Cheatham,/players/c/cheatzy01.html
Chris Chiozza,/players/c/chiozch01.html
Marquese Chriss,/players/c/chrisma01.html
Max Christie,/players/c/chrisma02.html
Josh Christopher,/players/c/chrisjo01.html
Gary Clark,/players/c/clarkga01.html
Brandon Clarke,/players/c/clarkbr01.html
Jordan Clarkson,/players/c/clarkjo01.html
Nic Claxton,/players/c/claxtni01.html
Chris Clemons,/players/c/clemoch01.html
Amir Coffey,/players/c/coffeam01.html
John Collins,/players/c/collijo01.html
Zach Collins,/players/c/colliza01.html
Mike Conley,/players/c/conlemi01.html
Pat Connaughton,/players/c/connapa01.html
Tyler Cook,/players/c/cookty01.html
Xavier Cooks,/players/c/cooksxa01.html
Sharife Cooper,/players/c/coopesh01.html
DeMarcus Cousins,/players/c/couside01.html
Robert Covington,/players/c/covinro01.html
Allen Crabbe,/players/c/crabbal01.html
Torrey Craig,/players/c/craigto01.html
Jae Crowder,/players/c/crowdja01.html
Jarrett Culver,/players/c/culveja01.html
Cade Cunningham,/players/c/cunnica01.html
Seth Curry,/players/c/curryse01.html
Stephen Curry,/players/c/curryst01.html
Dyson Daniels,/players/d/daniedy01.html
Nate Darling,/players/d/darlina01.html
Anthony Davis,/players/d/davisan02.html
Johnny Davis,/players/d/davisjo06.html
Terence Davis,/players/d/daviste02.html
JD Davison,/players/d/davisjd01.html
Darius Days,/players/d/daysda01.html
DeMar DeRozan,/players/d/derozde01.html
Dewayne Dedmon,/players/d/dedmode01.html
Matthew Dellavedova,/players/d/dellama01.html
Donte DiVincenzo,/players/d/divindo01.html
Moussa Diabaté,/players/d/diabamo01.html
Mamadi Diakite,/players/d/diakima01.html
Hamidou Diallo,/players/d/diallha01.html
Gorgui Dieng,/players/d/dienggo01.html
Ousmane Dieng,/players/d/diengou01.html
Spencer Dinwiddie,/players/d/dinwisp01.html
Luka Dončić,/players/d/doncilu01.html
Tyler Dorsey,/players/d/dorsety01.html
Luguentz Dort,/players/d/dortlu01.html
Ayo Dosunmu,/players/d/dosunay01.html
Devon Dotson,/players/d/dotsode01.html
Sekou Doumbouya,/players/d/doumbse01.html
Jeff Dowtin,/players/d/dowtije01.html
PJ Dozier,/players/d/doziepj01.html
Goran Dragić,/players/d/dragigo01.html
Andre Drummond,/players/d/drumman01.html
Chris Duarte,/players/d/duartch01.html
David Duke Jr.,/players/d/dukeda01.html
Kris Dunn,/players/d/dunnkr01.html
Kevin Durant,/players/d/duranke01.html
Jalen Duren,/players/d/durenja01.html
Trevon Duval,/players/d/duvaltr01.html
Tari Eason,/players/e/easonta01.html
Jaime Echenique,/players/e/echenja01.html
Anthony Edwards,/players/e/edwaran01.html
Carsen Edwards,/players/e/edwarca01.html
Kessler Edwards,/players/e/edwarke02.html
Rob Edwards,/players/e/edwarro01.html
Vince Edwards,/players/e/edwarvi01.html
CJ Elleby,/players/e/ellebcj01.html
Keon Ellis,/players/e/elliske01.html
Joel Embiid,/players/e/embiijo01.html
Drew Eubanks,/players/e/eubandr01.html
Jacob Evans,/players/e/evansja02.html
Kenneth Faried,/players/f/farieke01.html
Derrick Favors,/players/f/favorde01.html
Bruno Fernando,/players/f/fernabr01.html
Dorian Finney-Smith,/players/f/finnedo01.html
Malik Fitts,/players/f/fittsma01.html
Malachi Flynn,/players/f/flynnma01.html
Simone Fontecchio,/players/f/fontesi01.html
Bryn Forbes,/players/f/forbebr01.html
Aleem Ford,/players/f/fordal03.html
Trent Forrest,/players/f/forretr01.html
Michael Foster Jr.,/players/f/fostemi02.html
Evan Fournier,/players/f/fournev01.html
De'Aaron Fox,/players/f/foxde01.html
Melvin Frazier,/players/f/frazime01.html
Markelle Fultz,/players/f/fultzma01.html
Wenyen Gabriel,/players/g/gabriwe01.html
Daniel Gafford,/players/g/gaffoda01.html
Danilo Gallinari,/players/g/gallida01.html
Langston Galloway,/players/g/gallola01.html
Darius Garland,/players/g/garlada01.html
Marcus Garrett,/players/g/garrema01.html
Usman Garuba,/players/g/garubus01.html
Luka Garza,/players/g/garzalu01.html
Rudy Gay,/players/g/gayru01.html
Paul George,/players/g/georgpa01.html
Taj Gibson,/players/g/gibsota01.html
Josh Giddey,/players/g/giddejo01.html
Shai Gilgeous-Alexander,/players/g/gilgesh01.html
Anthony Gill,/players/g/gillan01.html
Rudy Gobert,/players/g/goberru01.html
Brandon Goodwin,/players/g/goodwbr01.html
Jordan Goodwin,/players/g/goodwjo01.html
Aaron Gordon,/players/g/gordoaa01.html
Eric Gordon,/players/g/gordoer01.html
Devonte' Graham,/players/g/grahade01.html
Treveon Graham,/players/g/grahatr01.html
Jerami Grant,/players/g/grantje01.html
Hassani Gravett,/players/g/graveha01.html
A.J. Green,/players/g/greenaj01.html
Danny Green,/players/g/greenda02.html
Draymond Green,/players/g/greendr01.html
Jalen Green,/players/g/greenja05.html
JaMychal Green,/players/g/greenja01.html
Javonte Green,/players/g/greenja02.html
Jeff Green,/players/g/greenje02.html
Josh Green,/players/g/greenjo02.html
AJ Griffin,/players/g/griffaj01.html
Blake Griffin,/players/g/griffbl01.html
Quentin Grimes,/players/g/grimequ01.html
Kyle Guy,/players/g/guyky01.html
Rui Hachimura,/players/h/hachiru01.html
Ashton Hagans,/players/h/haganas01.html
Tyrese Haliburton,/players/h/halibty01.html
Devon Hall,/players/h/hallde01.html
Jordan Hall,/players/h/halljo02.html
Josh Hall,/players/h/halljo01.html
Tyler Hall,/players/h/hallty01.html
R.J. Hampton,/players/h/hamptrj01.html
Dusty Hannahs,/players/h/hannadu01.html
Tim Hardaway Jr.,/players/h/hardati02.html
James Harden,/players/h/hardeja01.html
Jaden Hardy,/players/h/hardyja02.html
Maurice Harkless,/players/h/harklma01.html
Ron Harper Jr.,/players/h/harpero02.html
Montrezl Harrell,/players/h/harremo01.html
Gary Harris,/players/h/harriga01.html
Jalen Harris,/players/h/harrija01.html
Joe Harris,/players/h/harrijo01.html
Kevon Harris,/players/h/harrike01.html
Tobias Harris,/players/h/harrito02.html
Shaquille Harrison,/players/h/harrish01.html
Josh Hart,/players/h/hartjo01.html
Isaiah Hartenstein,/players/h/harteis01.html
Udonis Haslem,/players/h/hasleud01.html
Sam Hauser,/players/h/hausesa01.html
Jaxson Hayes,/players/h/hayesja02.html
Killian Hayes,/players/h/hayeski01.html
Gordon Hayward,/players/h/haywago01.html
Dewan Hernandez,/players/h/hernade01.html
Juancho Hernangómez,/players/h/hernaju01.html
Willy Hernangómez,/players/h/hernawi01.html
Tyler Herro,/players/h/herroty01.html
Kevin Hervey,/players/h/herveke01.html
Buddy Hield,/players/h/hieldbu01.html
Haywood Highsmith,/players/h/highsha01.html
George Hill,/players/h/hillge01.html
Malcolm Hill,/players/h/hillma01.html
Nate Hinton,/players/h/hintona01.html
Aaron Holiday,/players/h/holidaa01.html
Jrue Holiday,/players/h/holidjr01.html
Justin Holiday,/players/h/holidju01.html
Richaun Holmes,/players/h/holmeri01.html
Scotty Hopson,/players/h/hopsosc01.html
Al Horford,/players/h/horfoal01.html
Talen Horton-Tucker,/players/h/hortota01.html
Danuel House Jr.,/players/h/houseda01.html
Caleb Houstan,/players/h/houstca01.html
Trevor Hudgins,/players/h/hudgitr01.html
Kevin Huerter,/players/h/huertke01.html
Jay Huff,/players/h/huffja01.html
Elijah Hughes,/players/h/hugheel01.html
Feron Hunt,/players/h/huntfe01.html
De'Andre Hunter,/players/h/huntede01.html
Chandler Hutchison,/players/h/hutchch01.html
Bones Hyland,/players/h/hylanbo01.html
Serge Ibaka,/players/i/ibakase01.html
Andre Iguodala,/players/i/iguodan01.html
Joe Ingles,/players/i/inglejo01.html
Brandon Ingram,/players/i/ingrabr01.html
Kyrie Irving,/players/i/irvinky01.html
Jonathan Isaac,/players/i/isaacjo01.html
Jaden Ivey,/players/i/iveyja01.html
Wes Iwundu,/players/i/iwundwe01.html
Frank Jackson,/players/j/jacksfr01.html
Isaiah Jackson,/players/j/jacksis01.html
Jaren Jackson Jr.,/players/j/jacksja02.html
Josh Jackson,/players/j/jacksjo02.html
Justin Jackson,/players/j/jacksju01.html
Quenton Jackson,/players/j/jacksqu01.html
Reggie Jackson,/players/j/jacksre01.html
Justin James,/players/j/jamesju01.html
LeBron James,/players/j/jamesle01.html
DaQuan Jeffries,/players/j/jeffrda01.html
John Jenkins,/players/j/jenkijo01.html
Ty Jerome,/players/j/jeromty01.html
Isaiah Joe,/players/j/joeis01.html
Alize Johnson,/players/j/johnsal02.html
Cameron Johnson,/players/j/johnsca02.html
David Johnson,/players/j/johnsda08.html
Jalen Johnson,/players/j/johnsja05.html
James Johnson,/players/j/johnsja01.html
Keldon Johnson,/players/j/johnske04.html
Keon Johnson,/players/j/johnske07.html
Stanley Johnson,/players/j/johnsst04.html
Nikola Jokić,/players/j/jokicni01.html
Carlik Jones,/players/j/jonesca03.html
Damian Jones,/players/j/jonesda03.html
Derrick Jones Jr.,/players/j/jonesde02.html
Herbert Jones,/players/j/joneshe01.html
Jemerrio Jones,/players/j/jonesje01.html
Kai Jones,/players/j/joneska01.html
Mason Jones,/players/j/jonesma05.html
Tre Jones,/players/j/jonestr01.html
Tyus Jones,/players/j/jonesty01.html
DeAndre Jordan,/players/j/jordade01.html
Cory Joseph,/players/j/josepco01.html
Nikola Jović,/players/j/jovicni01.html
Johnny Juzang,/players/j/juzanjo01.html
Mfiondu Kabengele,/players/k/kabenmf01.html
Frank Kaminsky,/players/k/kaminfr01.html
Trevor Keels,/players/k/keelstr01.html
Luke Kennard,/players/k/kennalu01.html
Walker Kessler,/players/k/kesslwa01.html
Braxton Key,/players/k/keybr01.html
George King,/players/k/kingge03.html
Louis King,/players/k/kinglo02.html
Corey Kispert,/players/k/kispeco01.html
Maxi Kleber,/players/k/klebima01.html
Nathan Knight,/players/k/knighna01.html
Kevin Knox,/players/k/knoxke01.html
Christian Koloko,/players/k/kolokch01.html
John Konchar,/players/k/konchjo01.html
Furkan Korkmaz,/players/k/korkmfu01.html
Luke Kornet,/players/k/kornelu01.html
Vit Krejci,/players/k/krejcvi01.html
Jonathan Kuminga,/players/k/kuminjo01.html
Kyle Kuzma,/players/k/kuzmaky01.html
Jake LaRavia,/players/l/laravja01.html
Zach LaVine,/players/l/lavinza01.html
Anthony Lamb,/players/l/lamban01.html
Jock Landale,/players/l/landajo01.html
Romeo Langford,/players/l/langfro01.html
A.J. Lawson,/players/l/lawsoaj01.html
Jake Layman,/players/l/laymaja01.html
Caris LeVert,/players/l/leverca01.html
Jalen Lecque,/players/l/lecquja01.html
Damion Lee,/players/l/leeda03.html
Saben Lee,/players/l/leesa01.html
Alex Len,/players/l/lenal01.html
Kawhi Leonard,/players/l/leonaka01.html
Meyers Leonard,/players/l/leoname01.html
Kira Lewis Jr.,/players/l/lewiski01.html
Damian Lillard,/players/l/lillada01.html
Nassir Little,/players/l/littlna01.html
Isaiah Livers,/players/l/liveris01.html
Kenneth Lofton Jr.,/players/l/loftoke01.html
Kevon Looney,/players/l/looneke01.html
Brook Lopez,/players/l/lopezbr01.html
Robin Lopez,/players/l/lopezro01.html
Didi Louzada,/players/l/louzama01.html
Kevin Love,/players/l/loveke01.html
Kyle Lowry,/players/l/lowryky01.html
Timothé Luwawu-Cabarrot,/players/l/luwawti01.html
Trey Lyles,/players/l/lylestr01.html
Théo Maledon,/players/m/maledth01.html
Sandro Mamukelashvili,/players/m/mamuksa01.html
Karim Mané,/players/m/maneka01.html
Terance Mann,/players/m/mannte01.html
Tre Mann,/players/m/manntr01.html
Nico Mannion,/players/m/mannini01.html
Boban Marjanović,/players/m/marjabo01.html
Lauri Markkanen,/players/m/markkla01.html
Naji Marshall,/players/m/marshna01.html
Caleb Martin,/players/m/martica02.html
Cody Martin,/players/m/martico01.html
Kelan Martin,/players/m/martike03.html
Kenyon Martin Jr.,/players/m/martike04.html
Tyrese Martin,/players/m/martity01.html
Garrison Mathews,/players/m/mathega01.html
Dakota Mathias,/players/m/mathida01.html
Bennedict Mathurin,/players/m/mathube01.html
Wesley Matthews,/players/m/matthwe02.html
Tyrese Maxey,/players/m/maxeyty01.html
Skylar Mays,/players/m/mayssk01.html
Miles McBride,/players/m/mcbrimi01.html
Patrick McCaw,/players/m/mccawpa01.html
Mac McClung,/players/m/mccluma01.html
CJ McCollum,/players/m/mccolcj01.html
T.J. McConnell,/players/m/mccontj01.html
Jaden McDaniels,/players/m/mcdanja02.html
Jalen McDaniels,/players/m/mcdanja01.html
Doug McDermott,/players/m/mcderdo01.html
Sean McDermott,/players/m/mcderse01.html
JaVale McGee,/players/m/mcgeeja01.html
Bryce McGowens,/players/m/mcgowbr01.html
Rodney McGruder,/players/m/mcgruro01.html
Alfonzo McKinnie,/players/m/mckinal01.html
JaQuori McLaughlin,/players/m/mclauja01.html
Jordan McLaughlin,/players/m/mclaujo01.html
De'Anthony Melton,/players/m/meltode01.html
Sam Merrill,/players/m/merrisa01.html
Chimezie Metu,/players/m/metuch01.html
Khris Middleton,/players/m/middlkh01.html
Eric Mika,/players/m/mikaer01.html
Malcolm Miller,/players/m/millema01.html
Patty Mills,/players/m/millspa02.html
Shake Milton,/players/m/miltosh01.html
Josh Minott,/players/m/minotjo01.html
Davion Mitchell,/players/m/mitchda01.html
Donovan Mitchell,/players/m/mitchdo01.html
Evan Mobley,/players/m/mobleev01.html
Isaiah Mobley,/players/m/mobleis01.html
Adam Mokoka,/players/m/mokokad01.html
Chima Moneke,/players/m/monekch01.html
Malik Monk,/players/m/monkma01.html
Moses Moody,/players/m/moodymo01.html
Xavier Moon,/players/m/moonxa01.html
Wendell Moore Jr.,/players/m/moorewe01.html
Ja Morant,/players/m/moranja01.html
Juwan Morgan,/players/m/morgaju01.html
Marcus Morris,/players/m/morrima03.html
Markieff Morris,/players/m/morrima02.html
Monte Morris,/players/m/morrimo01.html
Emmanuel Mudiay,/players/m/mudiaem01.html
Mychal Mulder,/players/m/muldemy01.html
Trey Murphy III,/players/m/murphtr02.html
Dejounte Murray,/players/m/murrade01.html
Jamal Murray,/players/m/murraja01.html
Keegan Murray,/players/m/murrake02.html
Mike Muscala,/players/m/muscami01.html
Svi Mykhailiuk,/players/m/mykhasv01.html
Larry Nance Jr.,/players/n/nancela02.html
Shabazz Napier,/players/n/napiesh01.html
Andrew Nembhard,/players/n/nembhan01.html
RJ Nembhard Jr.,/players/n/nembhrj01.html
Aaron Nesmith,/players/n/nesmiaa01.html
Raul Neto,/players/n/netora01.html
Georges Niang,/players/n/niangge01.html
Daishen Nix,/players/n/nixda01.html
Zeke Nnaji,/players/n/nnajize01.html
Nerlens Noel,/players/n/noelne01.html
Jaylen Nowell,/players/n/nowelja01.html
Frank Ntilikina,/players/n/ntilila01.html
Kendrick Nunn,/players/n/nunnke01.html
Jusuf Nurkić,/players/n/nurkiju01.html
David Nwaba,/players/n/nwabada01.html
Jordan Nwora,/players/n/nworajo01.html
Royce O'Neale,/players/o/onealro01.html
Jahlil Okafor,/players/o/okafoja01.html
Chuma Okeke,/players/o/okekech01.html
Josh Okogie,/players/o/okogijo01.html
Onyeka Okongwu,/players/o/okongon01.html
Isaac Okoro,/players/o/okorois01.html
KZ Okpala,/players/o/okpalkz01.html
Victor Oladipo,/players/o/oladivi01.html
Cameron Oliver,/players/o/oliveca01.html
Kelly Olynyk,/players/o/olynyke01.html
Eugene Omoruyi,/players/o/omorueu01.html
Miye Oni,/players/o/onimi01.html
Cedi Osman,/players/o/osmande01.html
Daniel Oturu,/players/o/oturuda01.html
Kelly Oubre Jr.,/players/o/oubreke01.html
Trayvon Palmer,/players/p/palmetr01.html
Jeremy Pargo,/players/p/pargoje01.html
Eric Paschall,/players/p/pascher01.html
Chris Paul,/players/p/paulch01.html
Cameron Payne,/players/p/payneca01.html
Gary Payton II,/players/p/paytoga02.html
Norvel Pelle,/players/p/pelleno01.html
Reggie Perry,/players/p/perryre01.html
Jamorko Pickett,/players/p/pickeja01.html
Theo Pinson,/players/p/pinsoth01.html
Scotty Pippen Jr.,/players/p/pippesc02.html
Mason Plumlee,/players/p/plumlma01.html
Jakob Poeltl,/players/p/poeltja01.html
Aleksej Pokusevski,/players/p/pokusal01.html
Shamorie Ponds,/players/p/pondssh01.html
Yves Pons,/players/p/ponsyv01.html
Jordan Poole,/players/p/poolejo01.html
Jontay Porter,/players/p/portejo01.html
Kevin Porter Jr.,/players/p/porteke02.html
Michael Porter Jr.,/players/p/portemi01.html
Otto Porter Jr.,/players/p/porteot01.html
Bobby Portis,/players/p/portibo01.html
Kristaps Porziņģis,/players/p/porzikr01.html
Micah Potter,/players/p/pottemi01.html
Dwight Powell,/players/p/poweldw01.html
Norman Powell,/players/p/powelno01.html
Jason Preston,/players/p/prestja01.html
Joshua Primo,/players/p/primojo01.html
Taurean Prince,/players/p/princta02.html
Payton Pritchard,/players/p/pritcpa01.html
Trevelin Queen,/players/q/queentr01.html
Neemias Queta,/players/q/quetane01.html
Immanuel Quickley,/players/q/quickim01.html
Jahmi'us Ramsey,/players/r/ramseja01.html
Chasson Randle,/players/r/randlch01.html
Julius Randle,/players/r/randlju01.html
Austin Reaves,/players/r/reaveau01.html
Josh Reaves,/players/r/reavejo02.html
Cam Reddish,/players/r/reddica01.html
Davon Reed,/players/r/reedda01.html
Paul Reed,/players/r/reedpa01.html
Naz Reid,/players/r/reidna01.html
Jared Rhoden,/players/r/rhodeja01.html
Nick Richards,/players/r/richani01.html
Josh Richardson,/players/r/richajo01.html
Grant Riller,/players/r/rillegr01.html
Austin Rivers,/players/r/riverau01.html
Duncan Robinson,/players/r/robindu01.html
Jerome Robinson,/players/r/robinje01.html
Justin Robinson,/players/r/robinju01.html
Mitchell Robinson,/players/r/robinmi01.html
Orlando Robinson,/players/r/robinor01.html
Jeremiah Robinson-Earl,/players/r/robinje02.html
Isaiah Roby,/players/r/robyis01.html
David Roddy,/players/r/roddyda01.html
Ryan Rollins,/players/r/rolliry01.html
Derrick Rose,/players/r/rosede01.html
Terrence Ross,/players/r/rosste01.html
Terry Rozier,/players/r/roziete01.html
Ricky Rubio,/players/r/rubiori01.html
D'Angelo Russell,/players/r/russeda01.html
Matt Ryan,/players/r/ryanma01.html
Domantas Sabonis,/players/s/sabondo01.html
Luka Šamanić,/players/s/samanlu01.html
Brandon Sampson,/players/s/sampsbr01.html
Dario Šarić,/players/s/saricda01.html
Olivier Sarr,/players/s/sarrol01.html
Jordan Schakel,/players/s/schakjo01.html
Admiral Schofield,/players/s/schofad01.html
Dennis Schröder,/players/s/schrode01.html
Jay Scrubb,/players/s/scrubja01.html
Dereon Seabron,/players/s/seabrde01.html
Alperen Şengün,/players/s/sengual01.html
Collin Sexton,/players/s/sextoco01.html
Landry Shamet,/players/s/shamela01.html
Day'Ron Sharpe,/players/s/sharpda01.html
Shaedon Sharpe,/players/s/sharpsh01.html
Marial Shayok,/players/s/shayoma01.html
Pascal Siakam,/players/s/siakapa01.html
Chris Silva,/players/s/silvach01.html
Ben Simmons,/players/s/simmobe01.html
Kobi Simmons,/players/s/simmoko01.html
Marko Simonovic,/players/s/simonma01.html
Anfernee Simons,/players/s/simonan01.html
Zavier Simpson,/players/s/simpsza01.html
Jericho Sims,/players/s/simsje01.html
Deividas Sirvydis,/players/s/sirvyde01.html
Alen Smailagić,/players/s/smailal01.html
Javonte Smart,/players/s/smartja01.html
Marcus Smart,/players/s/smartma01.html
Dennis Smith Jr.,/players/s/smithde03.html
Dru Smith,/players/s/smithdr01.html
Ish Smith,/players/s/smithis01.html
Jabari Smith Jr.,/players/s/smithja05.html
Jalen Smith,/players/s/smithja04.html
Zhaire Smith,/players/s/smithzh01.html
Xavier Sneed,/players/s/sneedxa01.html
Jeremy Sochan,/players/s/sochaje01.html
Ray Spalding,/players/s/spaldra01.html
Omari Spellman,/players/s/spellom01.html
Jaden Springer,/players/s/sprinja01.html
Cassius Stanley,/players/s/stanlca01.html
Nik Stauskas,/players/s/stausni01.html
Lamar Stevens,/players/s/stevela01.html
Isaiah Stewart,/players/s/stewais01.html
Max Strus,/players/s/strusma01.html
Jalen Suggs,/players/s/suggsja01.html
Edmond Sumner,/players/s/sumneed01.html
Cole Swider,/players/s/swideco01.html
Craig Sword,/players/s/swordcr01.html
Keifer Sykes,/players/s/sykeske01.html
Jae'Sean Tate,/players/t/tateja01.html
Jayson Tatum,/players/t/tatumja01.html
Terry Taylor,/players/t/taylote01.html
Garrett Temple,/players/t/templga01.html
Dalen Terry,/players/t/terryda01.html
Tyrell Terry,/players/t/terryty01.html
Daniel Theis,/players/t/theisda01.html
Brodric Thomas,/players/t/thomabr01.html
Cam Thomas,/players/t/thomaca02.html
Khyri Thomas,/players/t/thomakh01.html
Klay Thompson,/players/t/thompkl01.html
JT Thor,/players/t/thorjt01.html
Matisse Thybulle,/players/t/thybuma01.html
Killian Tillie,/players/t/tilliki02.html
Xavier Tillman Sr.,/players/t/tillmxa01.html
Isaiah Todd,/players/t/toddis01.html
Obi Toppin,/players/t/toppiob01.html
Juan Toscano-Anderson,/players/t/toscaju01.html
Karl-Anthony Towns,/players/t/townska01.html
Gary Trent Jr.,/players/t/trentga02.html
P.J. Tucker,/players/t/tuckepj01.html
Rayjon Tucker,/players/t/tuckera01.html
Myles Turner,/players/t/turnemy01.html
Stanley Umude,/players/u/umudest01.html
Jonas Valančiūnas,/players/v/valanjo01.html
Denzel Valentine,/players/v/valende01.html
Fred VanVleet,/players/v/vanvlfr01.html
Jarred Vanderbilt,/players/v/vandeja01.html
Devin Vassell,/players/v/vassede01.html
Gabe Vincent,/players/v/vincega01.html
Noah Vonleh,/players/v/vonleno01.html
Nikola Vučević,/players/v/vucevni01.html
Dean Wade,/players/w/wadede01.html
Franz Wagner,/players/w/wagnefr01.html
Moritz Wagner,/players/w/wagnemo01.html
Ish Wainright,/players/w/wainris01.html
Jabari Walker,/players/w/walkeja01.html
Kemba Walker,/players/w/walkeke02.html
Lonnie Walker IV,/players/w/walkelo01.html
M.J. Walker,/players/w/walkemj01.html
John Wall,/players/w/walljo01.html
T.J. Warren,/players/w/warretj01.html
Duane Washington Jr.,/players/w/washidu02.html
P.J. Washington,/players/w/washipj01.html
TyTy Washington Jr.,/players/w/washity02.html
Yuta Watanabe,/players/w/watanyu01.html
Lindy Waters III,/players/w/waterli01.html
Tremont Waters,/players/w/watertr01.html
Trendon Watford,/players/w/watfotr01.html
Peyton Watson,/players/w/watsope01.html
Quinndary Weatherspoon,/players/w/weathqu01.html
Thomas Welsh,/players/w/welshth01.html
Blake Wesley,/players/w/weslebl01.html
Russell Westbrook,/players/w/westbru01.html
Coby White,/players/w/whiteco01.html
Derrick White,/players/w/whitede01.html
Jack White,/players/w/whiteja03.html
Okaro White,/players/w/whiteok01.html
Joe Wieskamp,/players/w/wieskjo01.html
Aaron Wiggins,/players/w/wiggiaa01.html
Andrew Wiggins,/players/w/wiggian01.html
Lindell Wigginton,/players/w/wiggili01.html
Alondes Williams,/players/w/willial06.html
Brandon Williams,/players/w/willibr03.html
Grant Williams,/players/w/willigr01.html
Jalen Williams,/players/w/willija06.html
Jaylin Williams,/players/w/willija07.html
Kenrich Williams,/players/w/willike04.html
Mark Williams,/players/w/willima07.html
Patrick Williams,/players/w/willipa01.html
Robert Williams,/players/w/williro04.html
Vince Williams Jr.,/players/w/willivi01.html
Ziaire Williams,/players/w/willizi02.html
Zion Williamson,/players/w/willizi01.html
D.J. Wilson,/players/w/wilsodj01.html
Dylan Windler,/players/w/windldy01.html
Justise Winslow,/players/w/winslju01.html
Cassius Winston,/players/w/winstca01.html
James Wiseman,/players/w/wisemja01.html
Christian Wood,/players/w/woodch01.html
Robert Woodard II,/players/w/woodaro01.html
Delon Wright,/players/w/wrighde01.html
McKinley Wright IV,/players/w/wrighmc01.html
Justin Wright-Foreman,/players/w/wrighju02.html
Gabe York,/players/y/yorkga01.html
Thaddeus Young,/players/y/youngth01.html
Trae Young,/players/y/youngtr01.html
Omer Yurtseven,/players/y/yurtsom01.html
Cody Zeller,/players/z/zelleco01.html
Ivica Zubac,/players/z/zubaciv01.html
